date,blk,pow_hashrate_THs
03-01-09 0:00,0,4.97E-08
09-01-09 0:00,19,6.96E-07
12-01-09 0:00,267,4.42E-06
15-01-09 0:00,645,6.31E-06
18-01-09 0:00,969,5.02E-06
21-01-09 0:00,1300,5.62E-06
24-01-09 0:00,1676,9.89E-06
27-01-09 0:00,2060,5.12E-06
30-01-09 0:00,2410,6.01E-06
02-02-09 0:00,2789,6.31E-06
05-02-09 0:00,3173,6.01E-06
08-02-09 0:00,3556,6.66E-06
11-02-09 0:00,3943,6.51E-06
14-02-09 0:00,4322,7.01E-06
17-02-09 0:00,4689,5.87E-06
20-02-09 0:00,5053,6.36E-06
23-02-09 0:00,5396,5.32E-06
26-02-09 0:00,5714,4.77E-06
01-03-09 0:00,6033,5.27E-06
04-03-09 0:00,6350,5.27E-06
07-03-09 0:00,6688,5.52E-06
10-03-09 0:00,7018,5.22E-06
13-03-09 0:00,7363,5.67E-06
16-03-09 0:00,7717,6.46E-06
19-03-09 0:00,8067,6.06E-06
22-03-09 0:00,8354,4.72E-06
25-03-09 0:00,8706,5.77E-06
28-03-09 0:00,9048,5.92E-06
31-03-09 0:00,9394,5.62E-06
03-04-09 0:00,9739,5.62E-06
06-04-09 0:00,10091,5.72E-06
09-04-09 0:00,10395,4.92E-06
12-04-09 0:00,10741,5.72E-06
15-04-09 0:00,11093,5.57E-06
18-04-09 0:00,11454,6.06E-06
21-04-09 0:00,11815,6.11E-06
24-04-09 0:00,12126,5.62E-06
27-04-09 0:00,12460,5.22E-06
30-04-09 0:00,12836,6.56E-06
03-05-09 0:00,13189,5.67E-06
06-05-09 0:00,13587,6.81E-06
09-05-09 0:00,13894,4.52E-06
12-05-09 0:00,14229,6.31E-06
15-05-09 0:00,14615,7.11E-06
18-05-09 0:00,14979,6.16E-06
21-05-09 0:00,15267,4.42E-06
24-05-09 0:00,15460,4.77E-06
27-05-09 0:00,15813,6.21E-06
30-05-09 0:00,16123,5.12E-06
02-06-09 0:00,16401,4.42E-06
05-06-09 0:00,16568,2.83E-06
08-06-09 0:00,16694,3.58E-06
11-06-09 0:00,16956,4.62E-06
14-06-09 0:00,17192,3.48E-06
17-06-09 0:00,17426,3.83E-06
20-06-09 0:00,17671,4.18E-06
23-06-09 0:00,17904,3.78E-06
26-06-09 0:00,18157,4.42E-06
29-06-09 0:00,18370,3.78E-06
02-07-09 0:00,18612,3.58E-06
05-07-09 0:00,18862,3.98E-06
08-07-09 0:00,19089,3.93E-06
11-07-09 0:00,19339,4.18E-06
14-07-09 0:00,19563,3.58E-06
17-07-09 0:00,19726,3.23E-06
20-07-09 0:00,19870,3.73E-06
23-07-09 0:00,20088,3.28E-06
26-07-09 0:00,20214,6.46E-07
29-07-09 0:00,20348,1.59E-06
01-08-09 0:00,20408,1.14E-06
04-08-09 0:00,20524,2.88E-06
07-08-09 0:00,20781,3.68E-06
10-08-09 0:00,21037,4.08E-06
13-08-09 0:00,21255,4.03E-06
16-08-09 0:00,21363,1.24E-06
19-08-09 0:00,21408,7.46E-07
22-08-09 0:00,21451,3.98E-07
25-08-09 0:00,21531,2.73E-06
28-08-09 0:00,21683,3.18E-06
31-08-09 0:00,21944,4.67E-06
03-09-09 0:00,22149,2.98E-06
06-09-09 0:00,22357,3.58E-06
09-09-09 0:00,22558,2.88E-06
12-09-09 0:00,22761,3.53E-06
15-09-09 0:00,22954,2.78E-06
18-09-09 0:00,23188,4.03E-06
21-09-09 0:00,23409,3.68E-06
24-09-09 0:00,23567,4.08E-06
27-09-09 0:00,23845,4.42E-06
30-09-09 0:00,24103,4.32E-06
03-10-09 0:00,24315,2.88E-06
06-10-09 0:00,24466,2.04E-06
09-10-09 0:00,24675,3.88E-06
12-10-09 0:00,24884,3.08E-06
15-10-09 0:00,25081,4.23E-06
18-10-09 0:00,25272,3.18E-06
21-10-09 0:00,25559,4.13E-06
24-10-09 0:00,25800,3.73E-06
27-10-09 0:00,26011,3.28E-06
30-10-09 0:00,26183,3.03E-06
02-11-09 0:00,26287,1.64E-06
05-11-09 0:00,26469,3.18E-06
08-11-09 0:00,26673,3.48E-06
11-11-09 0:00,26879,3.43E-06
14-11-09 0:00,27104,4.13E-06
17-11-09 0:00,27389,4.52E-06
20-11-09 0:00,27624,4.08E-06
23-11-09 0:00,27899,4.77E-06
26-11-09 0:00,28166,3.88E-06
29-11-09 0:00,28371,2.88E-06
02-12-09 0:00,28613,4.87E-06
05-12-09 0:00,28801,2.58E-06
08-12-09 0:00,29121,5.92E-06
11-12-09 0:00,29433,6.21E-06
14-12-09 0:00,29759,5.37E-06
17-12-09 0:00,30174,8.00E-06
20-12-09 0:00,30772,8.70E-06
23-12-09 0:00,31263,8.40E-06
26-12-09 0:00,31740,7.90E-06
29-12-09 0:00,32215,8.15E-06
01-01-10 0:00,32626,7.00E-06
04-01-10 0:00,33119,1.12E-05
07-01-10 0:00,33634,9.35E-06
10-01-10 0:00,34128,1.12E-05
13-01-10 0:00,34610,1.03E-05
16-01-10 0:00,35019,8.69E-06
19-01-10 0:00,35399,7.72E-06
22-01-10 0:00,35865,9.73E-06
25-01-10 0:00,36390,1.36E-05
28-01-10 0:00,36926,1.16E-05
31-01-10 0:00,37498,1.38E-05
03-02-10 0:00,38097,1.62E-05
06-02-10 0:00,38741,1.73E-05
09-02-10 0:00,39365,1.89E-05
12-02-10 0:00,39885,1.69E-05
15-02-10 0:00,40501,2.32E-05
18-02-10 0:00,41143,2.88E-05
21-02-10 0:00,41766,2.69E-05
24-02-10 0:00,42447,3.57E-05
27-02-10 0:00,42945,3.25E-05
02-03-10 0:00,43484,3.68E-05
05-03-10 0:00,43992,3.29E-05
08-03-10 0:00,44473,3.06E-05
11-03-10 0:00,44914,3.29E-05
14-03-10 0:00,45313,2.82E-05
17-03-10 0:00,45710,2.77E-05
20-03-10 0:00,46195,4.35E-05
23-03-10 0:00,46764,4.65E-05
26-03-10 0:00,47319,4.43E-05
29-03-10 0:00,47878,4.36E-05
01-04-10 0:00,48470,5.72E-05
04-04-10 0:00,48958,5.02E-05
07-04-10 0:00,49463,5.84E-05
10-04-10 0:00,50095,7.26E-05
13-04-10 0:00,50710,6.41E-05
16-04-10 0:00,51308,7.85E-05
19-04-10 0:00,52006,8.44E-05
22-04-10 0:00,52589,0.000100871
25-04-10 0:00,53065,9.63E-05
28-04-10 0:00,53589,9.97E-05
01-05-10 0:00,54063,9.29E-05
04-05-10 0:00,54513,8.30E-05
07-05-10 0:00,54931,8.37E-05
10-05-10 0:00,55356,8.75E-05
13-05-10 0:00,55722,8.30E-05
16-05-10 0:00,56049,6.13E-05
19-05-10 0:00,56524,0.000103475
22-05-10 0:00,57098,0.000113065
25-05-10 0:00,57707,0.000126609
28-05-10 0:00,58345,0.000128965
31-05-10 0:00,58820,0.000125573
03-06-10 0:00,59254,0.000129704
06-06-10 0:00,59672,0.000124747
09-06-10 0:00,60157,0.000133834
12-06-10 0:00,60620,0.000118373
15-06-10 0:00,61137,0.000169352
18-06-10 0:00,61575,0.000127878
21-06-10 0:00,62064,0.000139974
24-06-10 0:00,62576,0.00017556
27-06-10 0:00,63063,0.000153374
30-06-10 0:00,63566,0.00017749
03-07-10 0:00,64156,0.000192924
06-07-10 0:00,64670,0.000196267
09-07-10 0:00,65176,0.0002208
12-07-10 0:00,66212,0.000599314
15-07-10 0:00,68106,0.001407832
18-07-10 0:00,68956,0.001615397
21-07-10 0:00,69518,0.001822962
24-07-10 0:00,70077,0.001669545
27-07-10 0:00,70717,0.002124483
30-07-10 0:00,71238,0.002209463
02-08-10 0:00,71922,0.003083536
05-08-10 0:00,72610,0.002962137
08-08-10 0:00,73111,0.003361158
11-08-10 0:00,73725,0.003798808
14-08-10 0:00,74438,0.004569073
17-08-10 0:00,74921,0.003332692
20-08-10 0:00,75382,0.004248547
23-08-10 0:00,75980,0.005520567
26-08-10 0:00,76621,0.005291603
29-08-10 0:00,77124,0.00489622
01-09-10 0:00,77614,0.005454017
04-09-10 0:00,78115,0.005546983
07-09-10 0:00,78598,0.004679299
10-09-10 0:00,79075,0.006059847
13-09-10 0:00,79583,0.005811783
16-09-10 0:00,80174,0.006733163
19-09-10 0:00,80828,0.009581379
22-09-10 0:00,81377,0.007893231
25-09-10 0:00,82046,0.009216374
28-09-10 0:00,82692,0.009855133
01-10-10 0:00,83156,0.010226025
04-10-10 0:00,83531,0.010094922
07-10-10 0:00,83988,0.0113404
10-10-10 0:00,84478,0.011274848
13-10-10 0:00,84968,0.011576864
16-10-10 0:00,85608,0.016372014
19-10-10 0:00,86383,0.016646023
22-10-10 0:00,86987,0.016344753
25-10-10 0:00,87570,0.022433975
28-10-10 0:00,88243,0.022968118
31-10-10 0:00,88897,0.027971776
03-11-10 0:00,89440,0.030891906
06-11-10 0:00,90078,0.031045597
09-11-10 0:00,90811,0.054120808
12-11-10 0:00,91402,0.038561076
15-11-10 0:00,92081,0.049836244
18-11-10 0:00,92782,0.059307385
21-11-10 0:00,93188,0.046082977
24-11-10 0:00,93668,0.063150746
27-11-10 0:00,94223,0.062468035
30-11-10 0:00,94806,0.084329546
03-12-10 0:00,95371,0.077101299
06-12-10 0:00,96080,0.096376623
09-12-10 0:00,96780,0.100392316
12-12-10 0:00,97273,0.105974737
15-12-10 0:00,97781,0.109019988
18-12-10 0:00,98281,0.096229933
21-12-10 0:00,98820,0.119982892
24-12-10 0:00,99270,0.108001742
27-12-10 0:00,99749,0.11592187
30-12-10 0:00,100252,0.115201859
02-01-11 0:00,100770,0.129602091
05-01-11 0:00,101221,0.121596944
08-01-11 0:00,101696,0.155644088
11-01-11 0:00,102193,0.131324699
14-01-11 0:00,102729,0.141052455
17-01-11 0:00,103241,0.158561467
20-01-11 0:00,103737,0.153978766
23-01-11 0:00,104246,0.155811847
26-01-11 0:00,104770,0.178725353
29-01-11 0:00,105249,0.164136212
01-02-11 0:00,105739,0.195869213
04-02-11 0:00,106251,0.207905868
07-02-11 0:00,106810,0.225413731
10-02-11 0:00,107356,0.244256346
13-02-11 0:00,107936,0.263641771
16-02-11 0:00,108589,0.298535534
19-02-11 0:00,109193,0.318987823
22-02-11 0:00,109796,0.384235332
25-02-11 0:00,110471,0.40235964
28-02-11 0:00,111141,0.461482779
03-03-11 0:00,111625,0.505696698
06-03-11 0:00,112397,0.746109882
09-03-11 0:00,112955,0.598433793
12-03-11 0:00,113335,0.518895124
15-03-11 0:00,113676,0.367392898
18-03-11 0:00,114073,0.52268268
21-03-11 0:00,114473,0.587071126
24-03-11 0:00,114901,0.575708459
27-03-11 0:00,115355,0.524622354
30-03-11 0:00,115842,0.534909066
02-04-11 0:00,116399,0.648062907
05-04-11 0:00,116946,0.692638663
08-04-11 0:00,117407,0.638574171
11-04-11 0:00,117899,0.630387322
14-04-11 0:00,118416,0.66722814
17-04-11 0:00,118905,0.728629503
20-04-11 0:00,119351,0.661049805
23-04-11 0:00,119846,0.78040602
26-04-11 0:00,120395,0.885990364
29-04-11 0:00,120942,0.927305976
02-05-11 0:00,121507,0.970408278
05-05-11 0:00,122119,1.242994872
08-05-11 0:00,122770,1.123056771
11-05-11 0:00,123383,1.463314603
14-05-11 0:00,124001,1.940652521
17-05-11 0:00,124725,2.034555063
20-05-11 0:00,125404,2.71821706
23-05-11 0:00,126162,3.361366632
26-05-11 0:00,127064,3.858897433
29-05-11 0:00,127566,3.739888948
01-06-11 0:00,128058,3.847978224
04-06-11 0:00,128674,4.669456721
07-06-11 0:00,129285,4.765651499
10-06-11 0:00,129915,6.373001413
13-06-11 0:00,130627,6.908784718
16-06-11 0:00,131333,8.762322509
19-06-11 0:00,131939,9.547008107
22-06-11 0:00,132686,11.77028397
25-06-11 0:00,133285,10.3525631
28-06-11 0:00,133763,10.48968314
01-07-11 0:00,134299,12.34080369
04-07-11 0:00,134803,11.24384337
07-07-11 0:00,135230,10.56700187
10-07-11 0:00,135681,11.18859021
13-07-11 0:00,136170,14.21883339
16-07-11 0:00,136633,12.35406836
19-07-11 0:00,137115,12.74256107
22-07-11 0:00,137567,12.01984874
25-07-11 0:00,138044,13.19661715
28-07-11 0:00,138549,14.03716601
31-07-11 0:00,139040,14.1212209
03-08-11 0:00,139516,14.92884333
06-08-11 0:00,139907,11.64261995
09-08-11 0:00,140315,12.48764882
12-08-11 0:00,140735,12.86321721
15-08-11 0:00,141126,13.42656978
18-08-11 0:00,141553,14.18237632
21-08-11 0:00,141996,13.01547194
24-08-11 0:00,142454,11.75880568
27-08-11 0:00,142858,11.75880568
30-08-11 0:00,143258,13.91309069
02-09-11 0:00,143698,14.31653111
05-09-11 0:00,144133,13.60954192
08-09-11 0:00,144549,11.04670611
11-09-11 0:00,144961,12.19556354
14-09-11 0:00,145382,13.26392523
17-09-11 0:00,145791,10.73330792
20-09-11 0:00,146216,12.12951057
23-09-11 0:00,146643,11.69319724
26-09-11 0:00,147043,11.95498524
29-09-11 0:00,147448,11.25295401
02-10-11 0:00,147834,11.00102221
05-10-11 0:00,148236,11.50488582
08-10-11 0:00,148621,10.83306767
11-10-11 0:00,148964,8.901590487
14-10-11 0:00,149320,11.16897674
17-10-11 0:00,149691,8.247236133
20-10-11 0:00,150059,7.517392227
23-10-11 0:00,150386,7.663361008
26-10-11 0:00,150759,7.955298571
29-10-11 0:00,151077,8.685142476
01-11-11 0:00,151469,8.73436486
04-11-11 0:00,151895,8.554891609
07-11-11 0:00,152317,7.836998607
10-11-11 0:00,152768,8.674540443
13-11-11 0:00,153174,8.794189277
16-11-11 0:00,153617,7.884158164
19-11-11 0:00,154012,7.647040625
22-11-11 0:00,154413,8.002716933
25-11-11 0:00,154795,7.70632001
28-11-11 0:00,155156,7.350643702
01-12-11 0:00,155638,10.03065755
04-12-11 0:00,156072,7.428108565
07-12-11 0:00,156539,7.97030627
10-12-11 0:00,156994,8.512503976
13-12-11 0:00,157405,7.406827445
16-12-11 0:00,157788,7.11974111
19-12-11 0:00,158241,8.670007319
22-12-11 0:00,158672,7.923582848
25-12-11 0:00,159133,9.99060446
28-12-11 0:00,159610,8.649061209
31-12-11 0:00,160041,9.283325697
03-01-12 0:00,160504,9.340986105
06-01-12 0:00,160971,9.80226937
09-01-12 0:00,161482,10.01025622
12-01-12 0:00,161931,10.32113374
15-01-12 0:00,162360,9.20197466
18-01-12 0:00,162820,8.828921633
21-01-12 0:00,163279,11.1294153
24-01-12 0:00,163724,8.77601647
27-01-12 0:00,164151,9.036046588
30-01-12 0:00,164635,10.79124988
02-02-12 0:00,165085,10.59622729
05-02-12 0:00,165542,9.327239883
08-02-12 0:00,165970,9.052909298
11-02-12 0:00,166403,9.464405175
14-02-12 0:00,166836,9.327239883
17-02-12 0:00,167260,9.73873576
20-02-12 0:00,167729,9.988788097
23-02-12 0:00,168183,11.49394795
26-02-12 0:00,168647,10.39928624
29-02-12 0:00,169140,12.72544237
03-03-12 0:00,169538,8.855409941
06-03-12 0:00,169957,11.01345102
09-03-12 0:00,170435,12.35292479
12-03-12 0:00,170900,12.57617042
15-03-12 0:00,171318,9.599562037
18-03-12 0:00,171801,11.61897621
21-03-12 0:00,172262,12.06585992
24-03-12 0:00,172730,12.81066608
27-03-12 0:00,173194,11.02313128
30-03-12 0:00,173639,12.12846182
02-04-12 0:00,174067,10.26876434
05-04-12 0:00,174454,9.621913043
08-04-12 0:00,174869,11.80503617
11-04-12 0:00,175303,11.56246693
14-04-12 0:00,175692,10.43232114
17-04-12 0:00,176084,11.13826769
20-04-12 0:00,176525,12.15796825
23-04-12 0:00,176954,11.60889871
26-04-12 0:00,177374,12.07952974
29-04-12 0:00,177840,12.44873829
02-05-12 0:00,178339,11.5488295
05-05-12 0:00,178824,11.6988143
08-05-12 0:00,179334,13.94858628
11-05-12 0:00,179772,10.59746018
14-05-12 0:00,180179,12.32062444
17-05-12 0:00,180546,10.16666911
20-05-12 0:00,180978,12.23446622
23-05-12 0:00,181349,10.42514375
26-05-12 0:00,181737,10.67752332
29-05-12 0:00,182164,10.75661609
01-06-12 0:00,182585,11.94300757
04-06-12 0:00,183053,11.94300757
07-06-12 0:00,183492,9.965688435
10-06-12 0:00,183970,13.3790336
13-06-12 0:00,184416,12.74943202
16-06-12 0:00,184887,12.59203163
19-06-12 0:00,185373,14.32343598
22-06-12 0:00,185792,12.10176058
25-06-12 0:00,186241,13.13169765
28-06-12 0:00,186690,11.58679204
01-07-12 0:00,187110,11.84427631
04-07-12 0:00,187572,13.84337907
07-07-12 0:00,188037,14.80109712
10-07-12 0:00,188503,13.14685686
13-07-12 0:00,188950,14.01750963
16-07-12 0:00,189401,12.88566102
19-07-12 0:00,189863,13.26737055
22-07-12 0:00,190307,12.89625529
25-07-12 0:00,190769,14.28793751
28-07-12 0:00,191269,15.77239855
31-07-12 0:00,191741,13.46538137
03-08-12 0:00,192202,17.51512013
06-08-12 0:00,192637,14.27532912
09-08-12 0:00,193137,16.09771157
12-08-12 0:00,193620,18.40554294
15-08-12 0:00,194104,18.62336001
18-08-12 0:00,194547,16.11846364
21-08-12 0:00,195076,19.7124454
24-08-12 0:00,195545,16.98973194
27-08-12 0:00,196007,18.07742531
30-08-12 0:00,196480,19.16935033
02-09-12 0:00,196945,18.56272532
05-09-12 0:00,197435,21.83850037
08-09-12 0:00,197919,18.74905902
11-09-12 0:00,198373,21.15965232
14-09-12 0:00,198820,21.69533972
17-09-12 0:00,199293,23.57024562
20-09-12 0:00,199753,20.92944794
23-09-12 0:00,200237,21.21420234
26-09-12 0:00,200669,20.35993916
29-09-12 0:00,201156,23.91936908
02-10-12 0:00,201592,19.36329878
05-10-12 0:00,201992,20.65110469
08-10-12 0:00,202450,25.20649543
11-10-12 0:00,202879,20.9547974
14-10-12 0:00,203303,20.9547974
17-10-12 0:00,203769,21.53435778
20-10-12 0:00,204219,21.07617995
23-10-12 0:00,204667,20.92345401
26-10-12 0:00,205137,24.58887661
29-10-12 0:00,205636,24.13069879
01-11-12 0:00,206060,22.17516038
04-11-12 0:00,206506,26.28167156
07-11-12 0:00,206958,25.78889022
10-11-12 0:00,207408,26.28167156
13-11-12 0:00,207827,22.77487591
16-11-12 0:00,208251,23.61218753
19-11-12 0:00,208683,20.59786571
22-11-12 0:00,209126,24.61696146
25-11-12 0:00,209586,23.61218753
28-11-12 0:00,210063,28.89039649
01-12-12 0:00,210521,27.35185466
04-12-12 0:00,210923,18.97534917
07-12-12 0:00,211311,21.19768736
10-12-12 0:00,211718,24.27477101
13-12-12 0:00,212123,22.78443985
16-12-12 0:00,212456,19.26625428
19-12-12 0:00,212857,23.95716837
22-12-12 0:00,213242,24.12470102
25-12-12 0:00,213620,20.60651545
28-12-12 0:00,214099,26.06886297
31-12-12 0:00,214567,24.88391466
03-01-13 0:00,215044,23.69896634
06-01-13 0:00,215483,21.03283263
09-01-13 0:00,215914,21.64582213
12-01-13 0:00,216300,19.22278234
15-01-13 0:00,216711,20.51507022
18-01-13 0:00,217074,20.19199825
21-01-13 0:00,217490,23.58425396
24-01-13 0:00,217916,23.90732593
27-01-13 0:00,218360,22.43195058
30-01-13 0:00,218818,21.39890022
02-02-13 0:00,219311,23.76015818
05-02-13 0:00,219828,28.00576717
08-02-13 0:00,220279,24.74928262
11-02-13 0:00,220742,25.88905221
14-02-13 0:00,221203,26.70317335
17-02-13 0:00,221759,30.28530636
20-02-13 0:00,222272,31.39824966
23-02-13 0:00,222782,29.40182916
26-02-13 0:00,223308,28.13137975
01-03-13 0:00,223821,34.30627041
04-03-13 0:00,224306,37.9974514
07-03-13 0:00,224760,33.00350064
10-03-13 0:00,225272,40.16873434
13-03-13 0:00,225728,33.43775723
16-03-13 0:00,226254,42.41210107
19-03-13 0:00,226823,47.47263586
22-03-13 0:00,227481,54.22001557
25-03-13 0:00,228031,45.26778087
28-03-13 0:00,228496,59.58038805
31-03-13 0:00,229012,52.25765879
03-04-13 0:00,229566,59.24753672
06-04-13 0:00,230041,64.07971834
09-04-13 0:00,230536,64.07971834
12-04-13 0:00,231060,65.98685282
15-04-13 0:00,231544,61.02830318
18-04-13 0:00,232039,72.71669197
21-04-13 0:00,232506,77.62395339
24-04-13 0:00,232989,78.07006806
27-04-13 0:00,233479,70.93223327
30-04-13 0:00,233979,74.63339018
03-05-13 0:00,234401,73.63159971
06-05-13 0:00,234891,81.64592348
09-05-13 0:00,235388,83.14860919
12-05-13 0:00,235910,89.15935203
15-05-13 0:00,236379,81.74987297
18-05-13 0:00,236837,81.74987297
21-05-13 0:00,237273,82.86211614
24-05-13 0:00,237772,90.09169674
27-05-13 0:00,238276,103.9136922
30-05-13 0:00,238781,102.101244
02-06-13 0:00,239368,123.2464721
05-06-13 0:00,239978,156.7035621
08-06-13 0:00,240501,130.327715
11-06-13 0:00,241014,136.5337967
14-06-13 0:00,241583,133.4307558
17-06-13 0:00,242086,148.0494004
20-06-13 0:00,242516,140.3585225
23-06-13 0:00,243025,169.1993148
26-06-13 0:00,243506,181.6969915
29-06-13 0:00,244011,170.754179
02-07-13 0:00,244474,166.5118392
05-07-13 0:00,245009,187.7235384
08-07-13 0:00,245574,197.2688031
11-07-13 0:00,246128,249.7082121
14-07-13 0:00,246611,211.9918675
17-07-13 0:00,247123,219.7952492
20-07-13 0:00,247641,243.205394
23-07-13 0:00,248146,225.2998321
26-07-13 0:00,248615,276.5749663
29-07-13 0:00,249142,257.929463
01-08-13 0:00,249706,287.4515099
04-08-13 0:00,250247,317.8555672
07-08-13 0:00,250812,327.1495897
10-08-13 0:00,251422,369.9020929
13-08-13 0:00,252037,484.9527656
16-08-13 0:00,252543,434.4368525
19-08-13 0:00,253104,449.5916264
22-08-13 0:00,253706,525.365496
25-08-13 0:00,254236,467.3888102
28-08-13 0:00,254749,545.8316874
31-08-13 0:00,255366,702.7174419
03-09-13 0:00,255996,604.6638454
06-09-13 0:00,256523,821.0781131
09-09-13 0:00,257028,834.0425044
12-09-13 0:00,257632,898.8644606
15-09-13 0:00,258235,1024.579581
18-09-13 0:00,258733,845.4181239
21-09-13 0:00,259312,1046.974763
24-09-13 0:00,259937,1125.3579
27-09-13 0:00,260483,1302.020289
30-09-13 0:00,260993,1213.246178
03-10-13 0:00,261570,1538.75125
06-10-13 0:00,262154,1900.662831
09-10-13 0:00,262650,1721.887615
12-10-13 0:00,263241,1853.616722
15-10-13 0:00,263972,2333.487041
18-10-13 0:00,264541,2302.45572
21-10-13 0:00,265174,2675.107513
24-10-13 0:00,265855,2781.579453
27-10-13 0:00,266451,3439.672053
30-10-13 0:00,266981,3808.902386
02-11-13 0:00,267602,4216.99907
05-11-13 0:00,268163,3303.639825
08-11-13 0:00,268604,3377.99452
11-11-13 0:00,269110,4952.698733
14-11-13 0:00,269662,4292.338902
17-11-13 0:00,270208,5847.426832
20-11-13 0:00,270689,4938.500381
23-11-13 0:00,271181,4908.202833
26-11-13 0:00,271681,4968.79793
29-11-13 0:00,272208,6505.60945
02-12-13 0:00,272738,5731.969408
05-12-13 0:00,273279,6013.29306
08-12-13 0:00,273877,6294.616711
11-12-13 0:00,274410,7134.389874
14-12-13 0:00,274945,9030.873258
17-12-13 0:00,275526,8895.410159
20-12-13 0:00,276129,9121.181991
23-12-13 0:00,276630,9333.937661
26-12-13 0:00,277141,10508.01787
29-12-13 0:00,277643,8805.601567
01-01-14 0:00,278205,11740.80209
04-01-14 0:00,278641,10435.93771
07-01-14 0:00,279197,13185.94832
10-01-14 0:00,279784,14243.64471
13-01-14 0:00,280370,18058.64887
16-01-14 0:00,280901,17791.77229
19-01-14 0:00,281396,16368.43051
22-01-14 0:00,281949,16902.18368
25-01-14 0:00,282480,16903.79922
28-01-14 0:00,282960,18103.42368
31-01-14 0:00,283472,20066.44552
03-02-14 0:00,284028,21157.01322
06-02-14 0:00,284550,21761.8906
09-02-14 0:00,285025,19676.91905
12-02-14 0:00,285523,21761.8906
15-02-14 0:00,286079,23455.92999
18-02-14 0:00,286592,25980.5117
21-02-14 0:00,287121,26136.08362
24-02-14 0:00,287660,28314.09059
27-02-14 0:00,288193,28314.09059
02-03-14 0:00,288658,28262.41817
05-03-14 0:00,289111,30538.58608
08-03-14 0:00,289618,33194.1153
11-03-14 0:00,290114,31866.35069
14-03-14 0:00,290591,29367.84755
17-03-14 0:00,291088,37607.74722
20-03-14 0:00,291571,35283.67296
23-03-14 0:00,292141,43312.29315
26-03-14 0:00,292645,39324.9976
29-03-14 0:00,293167,42560.59867
01-04-14 0:00,293658,44551.73779
04-04-14 0:00,294254,50027.37037
07-04-14 0:00,294727,44415.13216
10-04-14 0:00,295177,53237.31594
13-04-14 0:00,295694,60538.43356
16-04-14 0:00,296228,45327.77186
19-04-14 0:00,296716,56547.98442
22-04-14 0:00,297219,53425.70307
25-04-14 0:00,297717,56894.90457
28-04-14 0:00,298209,57588.74487
01-05-14 0:00,298693,66817.88587
04-05-14 0:00,299147,60454.27769
07-05-14 0:00,299625,64829.25832
10-05-14 0:00,300141,70397.41547
13-05-14 0:00,300619,74817.97102
16-05-14 0:00,301121,80099.23956
19-05-14 0:00,301634,77898.711
22-05-14 0:00,302158,73497.65388
25-05-14 0:00,302638,78483.25676
28-05-14 0:00,303101,91996.9301
31-05-14 0:00,303556,79003.01342
03-06-14 0:00,304102,97714.25344
06-06-14 0:00,304574,86494.36212
09-06-14 0:00,305021,79481.30574
12-06-14 0:00,305506,90585.31168
15-06-14 0:00,306037,108702.374
18-06-14 0:00,306567,113768.8429
21-06-14 0:00,307106,126484.1841
24-06-14 0:00,307650,132507.2405
27-06-14 0:00,308205,125145.7271
30-06-14 0:00,308676,104506.2812
03-07-14 0:00,309085,111194.6832
06-07-14 0:00,309545,124571.4872
09-07-14 0:00,310011,132931.9897
12-07-14 0:00,310473,137948.2912
15-07-14 0:00,310927,118927.4328
18-07-14 0:00,311415,137025.0856
21-07-14 0:00,311902,128407.1557
24-07-14 0:00,312333,128407.1557
27-07-14 0:00,312783,149954.3634
30-07-14 0:00,313254,162993.8733
02-08-14 0:00,313728,157405.5119
05-08-14 0:00,314145,122943.9502
08-08-14 0:00,314627,157903.3291
11-08-14 0:00,315168,178499.4155
14-08-14 0:00,315667,166730.2233
17-08-14 0:00,316160,161826.3932
20-08-14 0:00,316713,187281.3463
23-08-14 0:00,317197,186096.0214
26-08-14 0:00,317653,196763.9462
29-08-14 0:00,318165,196763.9462
01-09-14 0:00,318671,204522.6957
04-09-14 0:00,319145,227701.9345
07-09-14 0:00,319624,223611.4806
10-09-14 0:00,320071,212703.6035
13-09-14 0:00,320576,241336.7809
16-09-14 0:00,321063,250600.6489
19-09-14 0:00,321599,240220.7404
22-09-14 0:00,322107,232806.52
25-09-14 0:00,322585,241703.5845
28-09-14 0:00,322983,239501.0072
01-10-14 0:00,323428,249839.1801
04-10-14 0:00,323866,246393.1225
07-10-14 0:00,324330,260177.3531
10-10-14 0:00,324777,276657.2683
13-10-14 0:00,325224,266217.3713
16-10-14 0:00,325655,260997.4229
19-10-14 0:00,326094,233157.6978
22-10-14 0:00,326543,297537.0621
25-10-14 0:00,327008,271906.0938
28-10-14 0:00,327430,268328.3821
31-10-14 0:00,327943,336304.9055
03-11-14 0:00,328426,277272.6615
06-11-14 0:00,328880,285462.7945
09-11-14 0:00,329333,273650.541
12-11-14 0:00,329756,265775.7052
15-11-14 0:00,330195,295306.3392
18-11-14 0:00,330643,295306.3392
21-11-14 0:00,331049,248412.3463
24-11-14 0:00,331492,310515.4329
27-11-14 0:00,331902,262435.624
30-11-14 0:00,332367,312518.7583
03-12-14 0:00,332763,242402.3702
06-12-14 0:00,333202,288373.4095
09-12-14 0:00,333633,276440.7167
12-12-14 0:00,334065,282407.0631
15-12-14 0:00,334493,304283.6666
18-12-14 0:00,334893,272641.7557
21-12-14 0:00,335296,284410.4645
24-12-14 0:00,335763,296179.1734
27-12-14 0:00,336225,313832.2367
30-12-14 0:00,336713,286371.916
02-01-15 0:00,337195,323243.6531
05-01-15 0:00,337685,339405.8358
08-01-15 0:00,338130,272736.8323
11-01-15 0:00,338572,296980.1063
14-01-15 0:00,338986,330062.3197
17-01-15 0:00,339414,299460.5152
20-01-15 0:00,339829,262301.1812
23-01-15 0:00,340237,271044.5539
26-01-15 0:00,340615,277602.0835
29-01-15 0:00,341092,348786.5672
01-02-15 0:00,341551,348786.5672
04-02-15 0:00,341996,330321.396
07-02-15 0:00,342491,352889.9386
10-02-15 0:00,342928,331483.6071
13-02-15 0:00,343351,309384.7
16-02-15 0:00,343808,349162.7328
19-02-15 0:00,344290,362422.0771
22-02-15 0:00,344741,333693.4978
25-02-15 0:00,345171,362028.0977
28-02-15 0:00,345615,313293.5461
03-03-15 0:00,346071,357386.7119
06-03-15 0:00,346491,366669.4836
09-03-15 0:00,346931,311208.0239
12-03-15 0:00,347368,313565.6604
15-03-15 0:00,347788,346572.572
18-03-15 0:00,348208,332426.7528
21-03-15 0:00,348632,337142.0259
24-03-15 0:00,349092,387831.1122
27-03-15 0:00,349573,399442.8222
30-03-15 0:00,350016,329772.5625
02-04-15 0:00,350464,341384.2724
05-04-15 0:00,350911,371157.0054
08-04-15 0:00,351314,292501.2162
11-04-15 0:00,351739,336745.0976
14-04-15 0:00,352172,388362.9593
17-04-15 0:00,352558,329371.1174
20-04-15 0:00,353003,408026.9066
23-04-15 0:00,353438,326609.2919
26-04-15 0:00,353869,352643.3659
29-04-15 0:00,354286,305308.6859
02-05-15 0:00,354715,347909.8979
05-05-15 0:00,355138,364728.3889
08-05-15 0:00,355590,350518.1919
11-05-15 0:00,356006,352886.5581
14-05-15 0:00,356472,331571.2626
17-05-15 0:00,356922,419738.3697
20-05-15 0:00,357341,344525.1358
23-05-15 0:00,357746,291148.0021
26-05-15 0:00,358177,327541.5024
29-05-15 0:00,358601,380918.6361
01-06-15 0:00,359017,332393.9691
04-06-15 0:00,359450,335928.1799
07-06-15 0:00,359915,395070.4651
10-06-15 0:00,360392,373779.2424
13-06-15 0:00,360828,373779.2424
16-06-15 0:00,361238,303837.2967
19-06-15 0:00,361699,397705.7298
22-06-15 0:00,362110,365592.8448
25-06-15 0:00,362558,395235.5079
28-06-15 0:00,362982,363122.6229
01-07-15 0:00,363402,356089.185
04-07-15 0:00,363869,380647.0598
07-07-15 0:00,364326,363456.5474
10-07-15 0:00,364774,383102.8473
13-07-15 0:00,365205,368157.8914
16-07-15 0:00,365636,345306.7119
19-07-15 0:00,366084,363079.8515
22-07-15 0:00,366521,373235.9313
25-07-15 0:00,366984,397611.6003
28-07-15 0:00,367413,369025.1454
31-07-15 0:00,367850,361228.8395
03-08-15 0:00,368313,382018.9886
06-08-15 0:00,368725,363827.6082
09-08-15 0:00,369165,353662.6557
12-08-15 0:00,369620,322225.9752
15-08-15 0:00,370046,351042.9323
18-08-15 0:00,370472,379859.8895
21-08-15 0:00,370943,403437.3998
24-08-15 0:00,371390,423446.5405
27-08-15 0:00,371823,401869.6467
30-08-15 0:00,372288,388384.0881
02-09-15 0:00,372759,415355.2053
05-09-15 0:00,373208,427538.3894
08-09-15 0:00,373640,393561.8286
11-09-15 0:00,374118,489828.7508
14-09-15 0:00,374556,450189.4299
17-09-15 0:00,375002,399224.5888
20-09-15 0:00,375402,353949.157
23-09-15 0:00,375849,442436.4463
26-09-15 0:00,376300,448335.5989
29-09-15 0:00,376766,510276.7014
02-10-15 0:00,377201,377880.2205
05-10-15 0:00,377652,447410.1811
08-10-15 0:00,378067,414156.7217
11-10-15 0:00,378499,453456.2646
14-10-15 0:00,378930,459502.3481
17-10-15 0:00,379376,396478.2309
20-10-15 0:00,379814,384372.0253
23-10-15 0:00,380255,466088.9126
26-10-15 0:00,380719,460035.8099
29-10-15 0:00,381156,458010.0135
01-11-15 0:00,381627,492051.2982
04-11-15 0:00,382090,479672.6492
07-11-15 0:00,382533,504429.9473
10-11-15 0:00,382967,442536.7022
13-11-15 0:00,383456,546646.8648
16-11-15 0:00,383931,576106.8755
19-11-15 0:00,384369,458266.8327
22-11-15 0:00,384882,569560.2064
25-11-15 0:00,385349,556720.6312
28-11-15 0:00,385812,527800.079
01-12-15 0:00,386290,694093.2545
04-12-15 0:00,386746,527800.079
07-12-15 0:00,387227,593762.3031
10-12-15 0:00,387786,770711.3338
13-12-15 0:00,388250,585897.9018
16-12-15 0:00,388791,660609.7147
19-12-15 0:00,389272,720030.5864
22-12-15 0:00,389736,654995.5657
25-12-15 0:00,390193,622478.0553
28-12-15 0:00,390720,747902.7381
31-12-15 0:00,391186,743604.4442
03-01-16 0:00,391611,769424.0429
06-01-16 0:00,392090,702293.0862
09-01-16 0:00,392561,821063.2404
12-01-16 0:00,393076,908849.8762
15-01-16 0:00,393479,693089.3552
18-01-16 0:00,393945,986102.7412
21-01-16 0:00,394367,755072.9561
24-01-16 0:00,394893,935388.8859
27-01-16 0:00,395370,918901.0182
30-01-16 0:00,395872,1056139.482
02-02-16 0:00,396394,978569.9154
05-02-16 0:00,396929,1074040.151
08-02-16 0:00,397453,1153414.864
11-02-16 0:00,397985,1375500.956
14-02-16 0:00,398478,1289532.147
17-02-16 0:00,398923,1002969.447
20-02-16 0:00,399387,1284099.851
23-02-16 0:00,399778,1097173.923
26-02-16 0:00,400191,1219082.137
29-02-16 0:00,400605,1097173.923
03-03-16 0:00,401038,1080919.495
06-03-16 0:00,401491,1094688.803
09-03-16 0:00,401946,1299450.738
12-03-16 0:00,402405,1141941.557
15-03-16 0:00,402851,1197069.77
18-03-16 0:00,403280,1135311.137
21-03-16 0:00,403701,1036588.429
24-03-16 0:00,404145,1242260.737
27-03-16 0:00,404585,1258714.521
30-03-16 0:00,405059,1308075.875
02-04-16 0:00,405475,1244135.057
05-04-16 0:00,405938,1235840.823
08-04-16 0:00,406378,1169486.954
11-04-16 0:00,406866,1252429.291
14-04-16 0:00,407342,1465554.23
17-04-16 0:00,407777,1358968.468
20-04-16 0:00,408226,1465554.23
23-04-16 0:00,408664,1279029.147
26-04-16 0:00,409074,1341204.175
29-04-16 0:00,409496,1403229.58
02-05-16 0:00,409954,1394348.38
05-05-16 0:00,410427,1385467.181
08-05-16 0:00,410907,1447635.58
11-05-16 0:00,411369,1284309.113
14-05-16 0:00,411804,1390530.167
17-05-16 0:00,412225,1361560.789
20-05-16 0:00,412647,1438812.464
23-05-16 0:00,413152,1747819.168
26-05-16 0:00,413572,1357376.357
29-05-16 0:00,413991,1456454.923
01-06-16 0:00,414405,1426731.353
04-06-16 0:00,414804,1179034.937
07-06-16 0:00,415284,1406915.64
10-06-16 0:00,415737,1403462.34
13-06-16 0:00,416200,1569148.866
16-06-16 0:00,416633,1452193.671
19-06-16 0:00,417117,1725089.126
22-06-16 0:00,417559,1343144.516
25-06-16 0:00,417990,1728387.516
28-06-16 0:00,418431,1551383.975
01-07-16 0:00,418882,1634679.759
04-07-16 0:00,419336,1601825.836
07-07-16 0:00,419758,1463920.3
10-07-16 0:00,420208,1654866.426
13-07-16 0:00,420623,1379055.355
16-07-16 0:00,421056,1665474.544
19-07-16 0:00,421481,1358434.534
22-07-16 0:00,421893,1369047.303
25-07-16 0:00,422279,1400885.613
28-07-16 0:00,422672,1453949.462
31-07-16 0:00,423092,1634366.548
03-08-16 0:00,423565,1686075.879
06-08-16 0:00,424053,1676039.713
09-08-16 0:00,424473,1254520.743
12-08-16 0:00,424923,1495388.726
15-08-16 0:00,425395,1577645.903
18-08-16 0:00,425807,1664092.254
21-08-16 0:00,426279,1761344.399
24-08-16 0:00,426736,1653286.46
27-08-16 0:00,427142,1556034.316
30-08-16 0:00,427607,1810682.895
02-09-16 0:00,428034,1678996.866
05-09-16 0:00,428479,1536337.002
08-09-16 0:00,428911,1580232.344
11-09-16 0:00,429372,1799709.059
14-09-16 0:00,429856,1751289.223
17-09-16 0:00,430312,1829872.714
20-09-16 0:00,430741,1717610.584
23-09-16 0:00,431184,1526764.964
26-09-16 0:00,431688,1834694.782
29-09-16 0:00,432146,1714780.091
02-10-16 0:00,432586,1690797.152
05-10-16 0:00,433062,2002575.351
08-10-16 0:00,433535,2171858.804
11-10-16 0:00,433958,1786321.738
14-10-16 0:00,434366,1747768.032
17-10-16 0:00,434763,1606404.441
20-10-16 0:00,435177,1722065.561
23-10-16 0:00,435634,1815470.125
26-10-16 0:00,436054,1752432.968
29-10-16 0:00,436517,1878507.282
01-11-16 0:00,436976,1815470.125
04-11-16 0:00,437380,1462462.045
07-11-16 0:00,437826,1847956.772
10-11-16 0:00,438310,2126416.012
13-11-16 0:00,438783,1809985.057
16-11-16 0:00,439282,2177044.964
19-11-16 0:00,439731,1989192.74
22-11-16 0:00,440132,1877125.543
25-11-16 0:00,440593,2129276.735
28-11-16 0:00,441054,2297377.53
01-12-16 0:00,441491,2045226.338
04-12-16 0:00,441954,2109770.131
07-12-16 0:00,442430,2494660.628
10-12-16 0:00,442854,1881686.874
13-12-16 0:00,443375,2537426.239
16-12-16 0:00,443774,2050571.629
19-12-16 0:00,444210,2343510.433
22-12-16 0:00,444666,2451435.255
25-12-16 0:00,445120,2574777.91
28-12-16 0:00,445582,2589949.671
31-12-16 0:00,446037,2337271.654
03-01-17 0:00,446516,2589949.671
06-01-17 0:00,446970,2542572.542
09-01-17 0:00,447411,2147763.141
12-01-17 0:00,447896,2897297.864
15-01-17 0:00,448385,2796813.545
18-01-17 0:00,448862,2528855.361
21-01-17 0:00,449406,3031276.956
24-01-17 0:00,449867,2910612.149
27-01-17 0:00,450341,3320832.653
30-01-17 0:00,450804,2852009.22
02-02-17 0:00,451298,3066886.627
05-02-17 0:00,451750,3336807.821
08-02-17 0:00,452172,3063987.056
11-02-17 0:00,452627,2917083.567
14-02-17 0:00,453099,3546669.948
17-02-17 0:00,453540,3168918.119
20-02-17 0:00,453973,3242870.593
23-02-17 0:00,454399,3286693.168
26-02-17 0:00,454907,3900209.227
01-03-17 0:00,455348,3155225.442
04-03-17 0:00,455788,3069265.85
07-03-17 0:00,456230,3504460.261
10-03-17 0:00,456676,3573175.168
13-03-17 0:00,457125,3321220.509
16-03-17 0:00,457576,3504460.261
19-03-17 0:00,458052,3925474.045
22-03-17 0:00,458489,3807236.875
25-03-17 0:00,458946,3145108.723
28-03-17 0:00,459399,3665352.271
31-03-17 0:00,459836,3352999.966
03-04-17 0:00,460302,4371318.475
06-04-17 0:00,460736,3651044.408
09-04-17 0:00,461194,3949088.849
12-04-17 0:00,461650,3526859.224
15-04-17 0:00,462066,3909321.047
18-04-17 0:00,462496,3779873.33
21-04-17 0:00,462944,4323553.741
24-04-17 0:00,463366,3210303.377
27-04-17 0:00,463814,3814281.634
30-04-17 0:00,464274,3918071.61
03-05-17 0:00,464714,3425069.222
06-05-17 0:00,465179,4359179.01
09-05-17 0:00,465681,4021861.587
12-05-17 0:00,466118,4286790.827
15-05-17 0:00,466610,4732171.692
18-05-17 0:00,467039,3952755.178
21-05-17 0:00,467515,4091936.698
24-05-17 0:00,467983,4562009.633
27-05-17 0:00,468467,4976737.782
30-05-17 0:00,468962,5302595.613
02-06-17 0:00,469442,4325022.12
05-06-17 0:00,469959,5533581.086
08-06-17 0:00,470440,5567322.434
11-06-17 0:00,470878,4926236.821
14-06-17 0:00,471306,4723788.732
17-06-17 0:00,471752,5129905.644
20-06-17 0:00,472186,4882255.027
23-06-17 0:00,472625,5660585.539
26-06-17 0:00,473035,5023769.665
29-06-17 0:00,473443,4245439.154
02-07-17 0:00,473949,6622798.791
05-07-17 0:00,474421,5248920.318
08-07-17 0:00,474876,5812562.768
11-07-17 0:00,475384,6094383.994
14-07-17 0:00,475857,5559049.844
17-07-17 0:00,476295,5918988.323
20-07-17 0:00,476771,6478892.624
23-07-17 0:00,477257,6878824.267
26-07-17 0:00,477730,5878995.159
29-07-17 0:00,478191,6713613.086
01-08-17 0:00,478632,6371518.151
04-08-17 0:00,479101,7654374.155
07-08-17 0:00,479571,6542565.619
10-08-17 0:00,480007,6149818.078
13-08-17 0:00,480434,6792336.385
16-08-17 0:00,480846,5966241.419
19-08-17 0:00,481325,6930018.879
22-08-17 0:00,481659,4084580.664
25-08-17 0:00,482020,4459277.508
28-08-17 0:00,482409,5695512.856
31-08-17 0:00,482889,7196655.78
03-09-17 0:00,483381,6799294.418
06-09-17 0:00,483915,7430760.766
09-09-17 0:00,484435,7751843.021
12-09-17 0:00,484935,8623352
15-09-17 0:00,485479,8256400.851
18-09-17 0:00,485951,6965995.452
21-09-17 0:00,486400,9653662.988
24-09-17 0:00,486850,7953301.894
27-09-17 0:00,487260,8063002.609
30-09-17 0:00,487744,7569349.388
03-10-17 0:00,488207,10223761.09
06-10-17 0:00,488625,8882939.962
09-10-17 0:00,489126,8994675.056
12-10-17 0:00,489578,8547734.68
15-10-17 0:00,490050,11601113.07
18-10-17 0:00,490539,8983426.015
21-10-17 0:00,491049,9102411.79
24-10-17 0:00,491569,9935312.215
27-10-17 0:00,492038,7510989.944
30-10-17 0:00,492424,10616495.4
02-11-17 0:00,492868,10833158.57
05-11-17 0:00,493258,10183169.06
08-11-17 0:00,493691,10399832.23
11-11-17 0:00,494044,5426063.163
14-11-17 0:00,494392,8681701.061
17-11-17 0:00,494863,11326906.85
20-11-17 0:00,495334,11869513.17
23-11-17 0:00,495812,10648648.96
26-11-17 0:00,496270,10244850.06
29-11-17 0:00,496769,11584046.14
02-12-17 0:00,497280,10780528.49
05-12-17 0:00,497815,11918845.17
08-12-17 0:00,498311,12337090.77
11-12-17 0:00,498820,13523349.5
14-12-17 0:00,499347,14630524.31
17-12-17 0:00,499872,14630524.31
20-12-17 0:00,500330,12663310.64
23-12-17 0:00,500756,12942648.37
26-12-17 0:00,501185,13221986.11
29-12-17 0:00,501655,15363575.41
01-01-18 0:00,502121,14975580.96
04-01-18 0:00,502617,16127548.73
07-01-18 0:00,503090,15551564.84
10-01-18 0:00,503586,15935554.1
13-01-18 0:00,504106,16501289.11
16-01-18 0:00,504570,17608758.18
19-01-18 0:00,505075,18273239.62
22-01-18 0:00,505607,18494733.44
25-01-18 0:00,506118,20445148.56
28-01-18 0:00,506588,20445148.56
31-01-18 0:00,507020,15139761.91
03-02-18 0:00,507506,20445148.56
06-02-18 0:00,508039,24293141.32
09-02-18 0:00,508446,19291612.22
12-02-18 0:00,508906,23721537.99
15-02-18 0:00,509380,18720008.9
18-02-18 0:00,509848,23149934.67
21-02-18 0:00,510320,25265138.83
24-02-18 0:00,510762,21677190.12
27-02-18 0:00,511234,23919658.06
02-03-18 0:00,511710,23321666.61
05-03-18 0:00,512187,24372959.73
08-03-18 0:00,512662,26499459.57
11-03-18 0:00,513101,25027267.37
14-03-18 0:00,513564,23555075.18
17-03-18 0:00,514013,24372959.73
20-03-18 0:00,514446,21859737.32
23-03-18 0:00,514874,22892480.81
26-03-18 0:00,515315,25818587.38
29-03-18 0:00,515754,26162835.21
01-04-18 0:00,516206,28274794.22
04-04-18 0:00,516672,25656757.72
07-04-18 0:00,517146,31416438.02
10-04-18 0:00,517618,28623865.75
13-04-18 0:00,518098,28798401.52
16-04-18 0:00,518539,26910340.43
19-04-18 0:00,519039,33971919.13
22-04-18 0:00,519495,30536556.52
25-04-18 0:00,519930,23474977.82
28-04-18 0:00,520341,25592018.83
01-05-18 0:00,520812,31590148.24
04-05-18 0:00,521241,27591395.3
07-05-18 0:00,521689,29990647.07
10-05-18 0:00,522142,30790397.65
13-05-18 0:00,522582,30487010.81
16-05-18 0:00,523039,36872803.62
19-05-18 0:00,523473,31722970.71
22-05-18 0:00,523925,31104990.76
25-05-18 0:00,524406,37681533.93
28-05-18 0:00,524888,33399541.44
31-05-18 0:00,525371,36396936.18
03-06-18 0:00,525852,34898238.81
06-06-18 0:00,526357,36103754.49
09-06-18 0:00,526788,35121339.4
12-06-18 0:00,527200,35612546.94
15-06-18 0:00,527649,37577377.12
18-06-18 0:00,528136,40279018.61
21-06-18 0:00,528616,42908653.83
24-06-18 0:00,529098,43161057.68
27-06-18 0:00,529522,30540865.37
30-06-18 0:00,529971,35588942.3
03-07-18 0:00,530375,30929068.69
06-07-18 0:00,530806,42660784.4
09-07-18 0:00,531256,36261666.74
12-07-18 0:00,531681,37594816.26
15-07-18 0:00,532090,35461777.04
18-07-18 0:00,532543,44793365.52
21-07-18 0:00,533005,35268339.52
24-07-18 0:00,533512,40931868.49
27-07-18 0:00,534021,42991333.57
30-07-18 0:00,534470,39630250.21
02-08-18 0:00,534920,45249464.79
05-08-18 0:00,535422,47319701.74
08-08-18 0:00,535861,46432457.33
11-08-18 0:00,536356,53994493.05
14-08-18 0:00,536797,43195594.44
17-08-18 0:00,537268,48277429.08
20-08-18 0:00,537723,47642199.75
23-08-18 0:00,538180,47324585.09
26-08-18 0:00,538634,57853309.21
29-08-18 0:00,539111,46483294.68
01-09-18 0:00,539571,50496240.99
04-09-18 0:00,539985,42135936.19
07-09-18 0:00,540419,53036795.53
10-09-18 0:00,540867,47105048.66
13-09-18 0:00,541324,51641090.38
16-09-18 0:00,541735,48500753.8
19-09-18 0:00,542168,54432500.67
22-09-18 0:00,542621,55111696.54
25-09-18 0:00,543088,60089527.19
28-09-18 0:00,543524,54756137.2
01-10-18 0:00,543997,56178374.53
04-10-18 0:00,544429,55588275.24
07-10-18 0:00,544826,52623567.23
10-10-18 0:00,545235,53364744.23
13-10-18 0:00,545667,52252978.72
16-10-18 0:00,546078,50029447.71
19-10-18 0:00,546496,50702736.58
22-10-18 0:00,546932,55344536.41
25-10-18 0:00,547336,48917428.96
28-10-18 0:00,547755,49988613.53
31-10-18 0:00,548218,58201028.61
03-11-18 0:00,548676,57499331.8
06-11-18 0:00,549071,45713754.47
09-11-18 0:00,549449,45356615.77
12-11-18 0:00,549866,49999418.96
15-11-18 0:00,550248,45356615.77
18-11-18 0:00,550642,40680711.65
21-11-18 0:00,551005,34727436.77
24-11-18 0:00,551395,47295461.51
27-11-18 0:00,551764,43326611.59
30-11-18 0:00,552088,33404486.8
03-12-18 0:00,552440,31998005.4
06-12-18 0:00,552843,37892374.82
09-12-18 0:00,553212,35927585.01
12-12-18 0:00,553581,33682110.95
15-12-18 0:00,554007,41821954.43
18-12-18 0:00,554410,32491732.53
21-12-18 0:00,554834,35537832.46
24-12-18 0:00,555337,38583932.39
27-12-18 0:00,555827,44168448.91
30-12-18 0:00,556308,44676132.24
02-01-19 0:00,556763,42174589.1
05-01-19 0:00,557230,45526212.08
08-01-19 0:00,557681,47202023.57
11-01-19 0:00,558149,41336683.36
14-01-19 0:00,558573,43581703.06
17-01-19 0:00,558965,37146820.73
20-01-19 0:00,559393,45921660.27
23-01-19 0:00,559819,42704219.1
26-01-19 0:00,560269,43874197.71
29-01-19 0:00,560697,42201068.25
01-02-19 0:00,561146,45669649.2
04-02-19 0:00,561575,42490116.66
07-02-19 0:00,562060,50294423.8
10-02-19 0:00,562513,42184762.96
13-02-19 0:00,562939,46101919.52
16-02-19 0:00,563357,45197960.32
19-02-19 0:00,563827,47005878.73
22-02-19 0:00,564238,48813797.14
25-02-19 0:00,564661,43162133.91
28-02-19 0:00,565113,45274965.64
03-03-19 0:00,565553,44067633.23
06-03-19 0:00,565967,38634637.35
09-03-19 0:00,566393,41652968.39
12-03-19 0:00,566814,43141131.59
15-03-19 0:00,567257,46157993.94
18-03-19 0:00,567727,48571483.82
21-03-19 0:00,568205,43141131.59
24-03-19 0:00,568661,47567250.84
27-03-19 0:00,569092,47250135.84
30-03-19 0:00,569524,44078985.78
02-04-19 0:00,569956,49787055.88
05-04-19 0:00,570396,50104170.89
08-04-19 0:00,570824,47034242.04
11-04-19 0:00,571261,49894432.44
14-04-19 0:00,571669,38771469.79
17-04-19 0:00,572097,43856252.72
20-04-19 0:00,572529,41631660.19
23-04-19 0:00,572941,36634060.02
26-04-19 0:00,573398,47687440.2
29-04-19 0:00,573861,51477170.55
02-05-19 0:00,574356,58109198.65
05-05-19 0:00,574769,42978500.7
08-05-19 0:00,575199,50641334.15
11-05-19 0:00,575604,43311667.37
14-05-19 0:00,576081,50641334.15
17-05-19 0:00,576527,50308167.48
20-05-19 0:00,577004,53659544.83
23-05-19 0:00,577482,52659677.53
26-05-19 0:00,577940,54992701.22
29-05-19 0:00,578445,57992303.11
01-06-19 0:00,578873,55994233.74
04-06-19 0:00,579277,57106701.96
07-06-19 0:00,579752,58589992.92
10-06-19 0:00,580180,58219170.18
13-06-19 0:00,580605,55994233.74
16-06-19 0:00,581050,47882020.48
19-06-19 0:00,581523,65193212.5
22-06-19 0:00,581941,51933576.06
25-06-19 0:00,582445,53775192.23
28-06-19 0:00,582915,64293187.57
01-07-19 0:00,583384,56404452.9
04-07-19 0:00,583881,65870934.51
07-07-19 0:00,584401,60348820.24
10-07-19 0:00,584862,58125055.93
13-07-19 0:00,585296,63532037.88
16-07-19 0:00,585749,72994256.29
19-07-19 0:00,586121,53168655.82
22-07-19 0:00,586605,71191928.97
25-07-19 0:00,587037,67211666.92
28-07-19 0:00,587530,78413611.41
31-07-19 0:00,588011,76621300.29
03-08-19 0:00,588495,77517455.85
06-08-19 0:00,588966,79916269.03
09-08-19 0:00,589408,72967028.25
12-08-19 0:00,589845,66017787.46
15-08-19 0:00,590311,77930771.67
18-08-19 0:00,590712,63784218.43
21-08-19 0:00,591164,68846457.98
24-08-19 0:00,591618,80995832.92
27-08-19 0:00,592045,68340234.03
30-08-19 0:00,592521,80995832.92
02-09-19 0:00,592979,79786349.93
05-09-19 0:00,593444,88354011.67
08-09-19 0:00,593929,94779757.97
11-09-19 0:00,594441,98528109.98
14-09-19 0:00,594904,91618125.63
17-09-19 0:00,595362,87480532.86
20-09-19 0:00,595835,89253786.9
23-09-19 0:00,596281,67383653.69
26-09-19 0:00,596765,108464284.8
29-09-19 0:00,597192,86263992.57
02-10-19 0:00,597613,93875521.33
05-10-19 0:00,598065,100218462
08-10-19 0:00,598531,102755638.2
11-10-19 0:00,598987,100875176.1
14-10-19 0:00,599397,87295825.46
17-10-19 0:00,599843,96995361.62
20-10-19 0:00,600291,94408818.64
23-10-19 0:00,600787,114342003.6
26-10-19 0:00,601198,95285003.01
29-10-19 0:00,601580,90520752.86
01-11-19 0:00,601976,88478931.37
04-11-19 0:00,602380,89840145.69
07-11-19 0:00,602791,85362510.36
10-11-19 0:00,603229,104964272
13-11-19 0:00,603650,85362510.36
